idgrupo,Descripcion,Cuatrimestre
GYPrJpFAG9oBy5nyK,"Bachillerato Fisico-Matematico, Quimico-Biologico",6
2ov5vgi7oij6DA8Lt,ING. SISTEMAS COMPUTACIONALES,6
ufDrnc68HomK3quPY,LICENCIATURA EN EDUCACIoN,3
znsFTtQ9Zh685GN4x,LICENCIATURA EN COMERCIO EXTERIOR Y ADMINISTRACION DE ADUANAS,5
BFicuTh9GTahaK8Sh,Bachillerato Semiescolariado (Matutino),2
Px6yxoh2wBDBEobXE,Nvo. Bach. Gral. Aduanas EA-HCS,6
cDjJHHiLoZowgnnyw,Bach.Gral. Aduanas EA-HCS - PRESENCIAL,5
XWigmMiKJPTtAaNmm,LICENCIATURA EN ADMINISTRACIoN CON ENFOQUE EN RECURSOS HUMANOS EJECUTIVO,3
HbJTubfamSdsAWosM,BACH. CONTA. E.A. - H.C.S.,5
jrcRzjJFf87g69FK6,Bachillerato General con Formacion para el Trabajo en Administracion,6
pJGgbYFEefdKX7SKv,ING GESTIoN EMPRESARIAL,5
CyCWuMAYSFpSpe89v,ING GESTIoN EMPRESARIAL,5
Yt7ik48KEych8wCav,INGENIERiA EN AGRONEGOCIOS,2
uE6dsazNDP6KGHct4,INGENIERIA EN GESTIO EMPRESARIAL,5
sneCEDBPwxWBjAi2w,Nvo. Bach. Gral. Aduanas EA-HCS,6
SJqFk5ky6E9wqndAb,BACHILLERATO,4
vnENsBbzy3kveAo4T,"Bachillerato Fisico-Matematico, Quimico-Biologico",2
TqsZcNs2LWhpgbLnn,Bachillerato Humanidades,2
Qhx2yWqEFLBF9GXCE,LICENCIATURA EN ADMINISTRACIoN CON ENFOQUE EN RECURSOS HUMANOS EJECUTIVO,1
26L3wgnZuJ48psjgS,Licenciatura en Gastronomia,3
pX4amHZuWpo2mbFm7,Licenciatura en Psicologia Organizacional Semi-Escolarizada,5
rn8EBpX3LGRdPHbXd,MAESTRiA EN DIRECCIoN DE EMPRESAS,1
X9SsG7L4q6PrjyrBP,Nvo. Bach. Gral. Aduanas EA-HCS,5
infsR4iJCQiTs9Lz8,Nvo. Bach. Gral. Conta. FM-QB,3
mLrBW9AziFye6Pwzg,PREPARATORIA ICEP,3
6W7AmGfT6NKmkxLCA,Bachillerato Economico Administrativo- Historico Social,1
6nQCQEvdrrw3ARxJw,Bachillerato Economico Administrativo- Historico Social,3
qR67XLK22tPjiaNxh,Bachillerato Federal,1
pabXSwuQMxzyYha99,Bachillerato General con Formacion para el Trabajo en Administracion,1
AFiYxw3ajcMdjJ2pL,BACHILLERATO GENERAL CON FORMACIoN PARA EL TRABAJO EN ADMINISTRACIoN,1
5LvKbeevzFTgCSAfi,Bachillerato General con Formacion para el Trabajo en Informatica,5
JT3TzZu9S29bep9cC,Diplomado de Titulacion,6
YFbYxwPgbALiWdhq5,Diplomado de Titulacion,2
PySAkm99DbvDBQxg9,Disenador Analista En Sistemas Computacionales,6
4sfmz9XjbqzMppJ85,ING EN SISTEMAS COMPUTACIONALES_Mixto,2
hgNS2dwTofAxAz9x7,ING GESTIoN EMPRESARIAL,3
fbwo2yEB85qNQQtuf,Ing. en Gestion Empresarial - Presencial,3
LzCYY9Pbe6xGoR465,LIC. PSICOLOGiA ORGANIZACIONAL,2
r5cg62zPZbwF2cPjK,LICENCIATURA EN ADMINISTRACIoN CON ENFOQUE EN RECURSOS HUMANOS EJECUTIVO,6
TPuxgcCxzyhhWuXCC,LICENCIATURA EN COMERCIO EXTERIOR Y ADMINISTRACION DE ADUANAS,2
pbi7yj8wy9YRbfdZm,Licenciatura en derecho,6
TARYxdZnLCWoTptNu,LICENCIATURA EN DERECHO 2018,5
s5HALjR9aC4E39Dv3,Licenciatura en Gastronomia,1
dBrpP8AzcKkoutAZN,LICENCIATURA EN GASTRONOMIA,2
C7GYzar8neCKhnWFr,Licenciaturas en Administracion de Empresas,5
kGFnB9iKMfgZjpC3i,Maestria en Direccion de Empresas,1
SDCnaLMh3ydwhfTbZ,MAESTRiA en Direccion de Empresas,4
R8JCowukkf393K8Nr,Nvo. Bach. Gral. Aduanas EA-HCS,6
5A4bbEpn2CmrKxi9x,BACH. CONTA. F.M. - H.C.S.,3
79LeradtG95h5DEZw,BACH. CONTA. F.M. - H.C.S.,1
B69j68Hqhb6uc6ixg,BACHILLERATO CON GASTRONOMIA,5
Qu9bSvmmCYodxMgJD,Bachillerato con Gastronomia,1
TCYtqgkanLN94GFYJ,Bachillerato Economico Administrativo- Historico Social,3
j3iTcuWTa5bdTFfck,Bachillerato General con Formacion para el Trabajo en Administracion,1
7rLCTx9CZHmRzx6cj,BACHILLERATO GENERAL CON FORMACIoN PARA EL TRABAJO EN ADMINISTRACIoN,6
wjAMBAzwFLvNGFDpB,BACHILLERATO GENERAL CON FORMACIoN PARA EL TRABAJO EN ADMINISTRACIoN,4
YpKBuK5xgT8dNuDGG,BACHILLERATO GENERAL CON FORMACIoN PARA EL TRABAJO EN ADMINISTRACIoN,4
TPJMCHnB4GkGLy5Sm,Bachillerato General con Formacion para el Trabajo en Informatica,6
Kp9TfyAFyXB75WdSX,Bachillerato General con Formacion para el Trabajo en Informatica,2
LGYhSg24WpNZBmBav,Bachillerato General en formacion para el trabajo en Informatica,5
Miat2ZtwbjtDqhFAD,Bachillerato Jalisco 2019,3
gpBzWy3gjyizyFAfm,Bachillerato Semiescolarizado (Vespertino),6
abDBYYAqBg54Fo6TY,Carrera Tecnica Gastronomia Internacional (Domingos),5
R95E4cxSnmMraLFWC,Disenador Analista En Sistemas Computacionales,4
ggfLPHceib2nXspch,ING GESTIoN EMPRESARIAL,3
Fsm7m2sX9Lsxgp3aA,ING. EN GESTIoN EMPRESARIAL,3
mTqyKLSWdbdaBHbL5,INGENIERiA EN AGRONEGOCIOS,5
jNMmwJuE85EimqYfd,Ingenieria en Gestio Empresarial,5
2n999zayb6KG5TYnE,INGENIERIA EN GESTIO EMPRESARIAL,6
2JJZRJKXRr6aetFav,INGENIERIA EN GESTIO EMPRESARIAL,3
86mdPqBdm4NQDXBfw,LIC EN DERECHO,4
5ykbXFdxwHq2rqtQd,LIC. EN ADMINISTRACION,6
vs6izKbHxPy5Qfnag,LIC. PSICOLOGiA ORGANIZACIONAL,2
2BwYhMJYuxkayNQPW,LIC. PSICOLOGiA ORGANIZACIONAL,2
rS4BNn7GtMnunBJrK,LICENCIATURA EN ADMINISTRACIoN CON ENFOQUE EN RECURSOS HUMANOS EJECUTIVO,3
B4L9GMYseG5jF7PtC,LICENCIATURA EN ADMINISTRACIoN DE EMPRESAS,1
z2o99GyxfryNNSZXh,LICENCIATURA EN ADMINISTRACIoN DE EMPRESAS,4
R4hbr5N2onNFSchzK,Licenciatura en Administracion de Empresas,1
PZeuixCojHnFPnaRC,Licenciatura en Comercio Exterior y Administracion de Aduanas,6
kTxpYh67YZ72YTYRN,LICENCIATURA EN GASTRONOMIA,5
MSTTgRXYrysfExT85,LICENCIATURA EN GASTRONOMIA,6
LQ8yDTxyT87JGcpYt,LICENCIATURA EN GASTRONOMIA,3
arj5p6ktm2WuWQvJF,Licenciatura en Psicologia Organizacional,3
SQQS9wczdsiaJEaMs,Nvo. Bach. Gral. Aduanas EA-HCS,6
vDKuuE6vAxDHXhf52,Nvo. Bach. Gral. Aduanas EA-HCS,2
CKNxxMvtKvztG6zyJ,Nvo. Bach. Gral. Aduanas EA-HCS,1
bEdB4mZXif9nskRcR,Nvo. Bach. Gral. Conta. EA-HCS,6
HKbpdBMbFgFRy9M2M,Nvo. Bach. Gral. Conta. EA-HCS,5
FrQ7BdaCRfm3kAD2T,Nvo. Bach. Gral. Conta. EA-HCS,5
nQZAnKJm2yXqwdqeo,Nvo. Bach. Gral. Conta. EA-HCS,3
J37CYhgHvJHdSxTWX,Nvo. Bach. Gral. Conta. EA-HCS,3
M4dDsz7vLyjAojuDh,Nvo. Bach. Gral. Conta. EA-HCS,1
QFzsGDiPf7BM27pk3,Nvo. Bach. Gral. Conta. EA-HCS,5
S44hXaxfH8HNJcuEy,Seminario de Tesis,2
p4ZQDNNZAzxABCFuN,TeCNICA EN NUTRICIoN Y DIETeTICA,3
x5q5ZMjHA5RbxfRcs,BACH. CONTA. E.A. - H.C.S.,2
TJ4RZGPcx49Jpi4yP,BACH. CONTA. E.A. - H.C.S.,1
GZcin5dXzsRYpT4Z7,BACH. CONTA. E.A. - H.C.S.,2
mtKxcFhABr3Sjeykv,BACH. CONTA. F.M. - H.C.S.,3
waXKnG3nNwqpu4TDN,Bachillearto 2009,4
rjrrhKmGuQN6m2b7S,BACHILLERATO,6
noWJp4ftsGBDABJT2,Bachillerato Economico Administrativo- Historico Social,6
F75KjBjvmKpGJ9K3q,Bachillerato Economico Administrativo- Historico Social,2
eokaTWwXkvcHLWHo8,Bachillerato Federal,3
jQzZb9Gx94a8KWnET,Bachillerato Federal,4
4JAb2WjjhX7FNxm7G,Bachillerato Federal,6
cHaQmSjMBswitj9Sw,Bachillerato Federal,1
p7YZBMgrQHoiXa4Mf,Bachillerato Federal (MATUTINO),5
AyXnwNAr67vAShrSq,BACHILLERATO GENERAL CON FORMACIoN PARA EL TRABAJO EN ADMINISTRACIoN,6
mQdzcsEKeJmpeMGSu,Bachillerato General con Formacion para el Trabajo en Administracion,4
3rF6ntu4A7Eeb6iDt,Bachillerato General con Formacion para el Trabajo en Administracion,2
sPvgLjX3aeBDRCWmp,Bachillerato General con Formacion para el Trabajo en Administracion,5
AZuYmPEnLz56XtFud,Bachillerato General con Formacion para el Trabajo en Administracion,2
RMxeqeyF2JsqJ3vkz,Bachillerato General con Formacion para el Trabajo en Administracion,3
hNYoceMnd7GQydAZZ,Bachillerato General con Formacion para el Trabajo en Administracion,4
bZrdTeJtq4fTraR78,BACHILLERATO GENERAL CON FORMACIoN PARA EL TRABAJO EN ADMINISTRACIoN,1
Wz6L4ehhtfpEZG2P6,BACHILLERATO GENERAL CON FORMACIoN PARA EL TRABAJO EN ADMINISTRACIoN,2
TXQ3hoRtdXGj4th8s,BACHILLERATO GENERAL CON FORMACIoN PARA EL TRABAJO EN ADMINISTRACIoN,5
anvnyRAB6eCiNzw6c,Bachillerato General con Formacion para el Trabajo en Informatica,5
Z85C9cxvuZ4bMjsEi,Bachillerato General con Formacion para el Trabajo en Informatica,1
QRkAy66JB8ZRsQRmD,Bachillerato General con Formacion para el Trabajo en Informatica,2
8iEFsQBMJi7SzYvoT,Bachillerato General en formacion para el trabajo en Informatica,6
G93k7cB8JPcBRSbSd,Bachillerato Humanidades,1
tpGMtiMxgwPnWW3Kw,Bachillerato Jalisco 2019,4
yshRjzwDhkYBDDmC8,Bachillerato Jalisco 2019,3
acaSERvjfcsRmfsHo,Bachillerato Jalisco 2019,2
HamC9vQH4tuZ39Shh,Bachillerato Jalisco 2019,3
ppY9CKqBfX4Z7NHXt,Carrera Tecnica en Disenador de Sistemas Computacionales,5
SEdaMc7N3nBXyQ65B,CECAP INGLES,4
iGc5iBD2mH2emLurW,Cocteleria y Snack,6
NGtonRPEW9RMQ9rFC,Curso de titulacion,5
SzpBCznGPQP5TJ3Ka,Curso de titulacion,5
qp96Y4dxipekBuPJ6,DIPLOMADO DE HABILIDADES GERENCIALES,4
nwLcZbKQ9pGNKij24,Diplomado de Titulacion,6
tvpZbZu7pWPz8srby,DIPLOMADO EN COCINA INTERNACIONAL,1
svQDemFmrjy5yzXKn,Gastronomia internacional,6
2B3RpkbyTDg277dxE,ING EN SISTEMAS COMPUTACIONALES_Mixto,3
7CQjkXLyg99Hizqsq,ING GESTIoN EMPRESARIAL,6
k8vKEuftq82SiyjJk,ING. EN GESTIoN EMPRESARIAL,2
bWLrf4SKG9vc48Pzb,ING. SISTEMAS COMPUTACIONALES,3
hHR5SyaqBz4NA9uyW,INGENIERIA EN GESTIO EMPRESARIAL,1
6L4RQZQizYG7bJdBq,INGENIERIA EN SISTEMAS COMPUTACIONALES,3
h4tGhyesJWBseapna,LIC EN ADMINISTRACIoN DE EMPRESAS,4
ooP8qRcJ9k6pYRqxD,LIC EN DERECHO,4
yZJocQGE9BXFrnpJH,LIC. ADMINISTRACIoN,2
Mf7Koka5nizf4bFT9,LIC. CONTABILIDAD FINANCIERA,5
JdpEsjdku9aZiP9N5,LIC. EN ADMINISTRACION,6
mnqrxbJaBmWFqBb9M,Lic. en Contabilidad Financiera,3
DJtrfQmwoWieCMt9P,LIC. PSICOLOGiA ORGANIZACIONAL,6
6WNTRgqFvQyYq8ucZ,LIC. PSICOLOGiA ORGANIZACIONAL,5
APkZdyLn9QrF7nxzj,Licenciatura  en Contabilidad Financiera,1
6r284agJxzb37oxSt,LICENCIATURA EN ADMINISTRACION,2
CJuQ7hSsn6oRKtQgf,Licenciatura en Administracion,5
Bnte73tk64Y7JAXBf,LICENCIATURA EN ADMINISTRACIoN CON ENFOQUE EN RECURSOS HUMANOS MIXTA,6
qXoyvzKSLiMXY8vnn,LICENCIATURA EN ADMINISTRACIoN CON ENFOQUE EN RECURSOS HUMANOS MIXTA,4
zLy3MFjyPBudF49NF,LICENCIATURA EN ADMINISTRACIoN DE EMPRESAS,5
FSnkqm4SyqB6rG9Dv,LICENCIATURA EN ADMINISTRACIoN DE EMPRESAS,5
Je8rt2JznK8pyRQcE,LICENCIATURA EN ADMINISTRACIoN DE EMPRESAS,6
XMQojrAX5XXsfX7Tu,Licenciatura en Administracion de Empresas,5
xmyuT43RuiNtB9TCS,LICENCIATURA EN ADMINISTRACIoN DE EMPRESAS ESCOLARIZADA,5
xFf9qn8AXqBoMNECC,Licenciatura en Administracion de Empresas Semi-Escolarizada,3
39oGGTuzDDMtfqSoi,Licenciatura en Administracion de Empresas Semi-Escolarizada,3
aYcvaR8YsFNs9XbXD,LICENCIATURA EN COMERCIO EXTERIOR Y ADMINISTRACION DE ADUANAS,3
x6EM8dRMbRTWYp8aw,LICENCIATURA EN COMERCIO EXTERIOR Y ADMINISTRACION DE ADUANAS,5
WSPc2wmnniHqtLJ2t,LICENCIATURA EN COMERCIO EXTERIOR Y ADMINISTRACION DE ADUANAS,4
in4ap97WN8vbYhiJP,Licenciatura en Comercio Exterior y Administracion de Aduanas,3
aaMCPtPZ3EtxiDBuG,Licenciatura en Contabilidad Financiera,5
qscGBCykvAy36tRL3,Licenciatura en Contabilidad Financiera Escolarizada,3
5b6srYFHAhsXHQpgZ,Licenciatura en Contabilidad Financiera Semi-Escolarizada,4
DTzSgM6ru6SPpx575,LICENCIATURA EN EDUCACION,3
bZn4EM7GeyPtPyWka,LICENCIATURA EN EDUCACIoN,4
Ybk9wAuTBxp8DTP3h,LICENCIATURA EN GASTRONOMIA,1
uHBZ267NMkwMAyHJY,Licenciatura en Nutricion,3
nKhttEdW8TmXTK6Ye,LICENCIATURA EN PSICOLOGIA ORGANIZACIONAL,3
Wnij75h9MiRHkopBo,LICENCIATURA EN PSICOLOGIA ORGANIZACIONAL,5
G4ysAGW7jYNuHyC6z,LICENCIATURA EN PSICOLOGiA ORGANIZACIONAL,5
ymfuCr3YD5KqYo84N,LICENCIATURA EN PSICOLOGiA ORGANIZACIONAL ESCOLARIZADA,4
vsFL5YodZKkAomERz,Licenciaturas en Administracion de Empresas,1
Ho83c5TYWsfjWEWh2,Maestria en Direccion de Empresas,3
uGncbi8KJAqEqyh8c,MAESTRiA EN EDUCACIoN,2
5hpmEJdk6qRcBk3ot,MAESTRiA EN EDUCACIoN,5
PmPbEbY3kSKfdDubR,Nvo. Bach. Gral. Aduanas EA-HCS,6
gcENwtLrhW5gnxfcW,Nvo. Bach. Gral. Aduanas EA-HCS,4
MiE4CWQu75g4oDGT8,Nvo. Bach. Gral. Aduanas EA-HCS,2
JYDzX7kAbyNBD6qjz,Nvo. Bach. Gral. Aduanas FM-QB,2
uCNa6yLXxpwdwgakL,Nvo. Bach. Gral. Aduanas FM-QB,4
4ajRibFRuppiNMuCh,Nvo. Bach. Gral. Conta. EA-HCS,6
QffezTc9ifgaoJSbz,Nvo. Bach. Gral. Conta. EA-HCS,3
nvdyJ2ooac5WEEwZs,Nvo. Bach. Gral. Conta. EA-HCS,1
agmExxqr7CvKNZorN,Nvo. Bach. Gral. Conta. EA-HCS,6
7ZPeEJtSvFeBgB6v3,Nvo. Bach. Gral. Conta. EA-HCS,2
xJirHAuGMzMnNjNtx,Nvo. Bach. Gral. Conta. EA-HCS,2
ydokeBvCLPrSyKrx9,Nvo. Bach. Gral. Conta. EA-HCS,1
A9SkmdaCSaXtCLTyT,Nvo. Bach. Gral. Conta. EA-HCS,5
Xyix6R9XABFrvRgwh,PREPARATORIA ICEP,1
847zbDa3PBgAxreZm,PREPARATORIA ICEP,6
i8Em6P33dAMBxeymH,PREPARATORIA ICEP,6
7vDbbaSnSWNph4Zqg,SEMINARION DE TITULACIoN,2
f8i7NZRrre4d2eA5c,BACH. CONTA. E.A. - H.C.S.,5
QdomBoPcaqFP5Gwrv,BACH. CONTA. E.A. - H.C.S.,3
TQJrLb855fAGGATgv,BACH. CONTA. E.A. - H.C.S.,3
fTRTA5PdRFpMSrsW3,BACH. CONTA. E.A. - H.C.S.,1
oYKwJ3ASuamARF8fZ,BACH. CONTA. E.A. - H.C.S.,3
cvtvTdQcyQbXxqN9H,BACH. CONTA. E.A. - H.C.S.,6
F89jddJbsHSwAZCak,BACH. CONTA. E.A. - H.C.S.,5
vgTQE9yK9cQ5f3W3r,BACH. CONTA. E.A. - H.C.S.,6
pMYqFpJbeXkfZxgAP,BACH. CONTA. E.A. - H.C.S.,3
MHQ5yTBcx2ehzJ3Lq,BACH. CONTA. F.M. - H.C.S.,4
Jaj7xRXDEGbenHpCS,Bachillearto 2009,4
qYF6SrvofaANarjhH,Bachillerato 2009,2
xxAB85xdv6Fmn5sCd,Bachillerato 2009,6
EuK7pqz6SFhZ7B2bL,BACHILLERATO CON GASTRONOMIA,1
WjPtyQqoxwAF7H4Jp,Bachillerato con Gastronomia,3
akQdTouY85tbGmco6,Bachillerato con Gastronomia,5
Y69uznqdmHjfcc23Q,Bachillerato Economico Administrativo- Historico Social,4
vqZhdQrP5ujN9JZkp,Bachillerato Economico Administrativo- Historico Social,1
eorwBc3o9YQAeoSMZ,Bachillerato Economico Administrativo- Historico Social,5
7QveiuSDCvyoDn2BG,Bachillerato Economico Administrativo- Historico Social,4
DcJRLBqrW89CdF5R7,Bachillerato Federal,2
FHeDiS7afncuj4rpn,Bachillerato Federal,2
drJReX3rZSnaBBwKo,Bachillerato Federal,6
QGDEgoX5Wao354Qeg,Bachillerato Federal,4
WSZPWkH25X3JLsMNb,Bachillerato Federal,4
G9GeRECM2aEaTSySw,Bachillerato Federal,1
EgmeeKEAFzD6Hrhwn,Bachillerato Federal,1
jE4FkdkuoS8qMK3Do,Bachillerato Federal,6
LJoPujdbFrDnwzoy2,Bachillerato Federal (MATUTINO),3
bYAxcRzDEJevxNEpj,Bachillerato Federal (MATUTINO),5
MipYCWKXSvcxvrNQs,Bachillerato Federal (MATUTINO),3
Bwa8bFML5Dr3dbabY,"Bachillerato Fisico-Matematico, Quimico-Biologico",1
XCva2rDcFxtNuNWYa,"Bachillerato Fisico-Matematico, Quimico-Biologico",2
4qdLAffRwjqA2KZKQ,"Bachillerato Fisico-Matematico, Quimico-Biologico",6
6inEPPADhTbnEQQZ4,BACHILLERATO GENERAL CON FORMACIoN PARA EL TRABAJO EN ADMINISTRACIoN,4
7JLBCFzN8EWSLc3t4,BACHILLERATO GENERAL CON FORMACIoN PARA EL TRABAJO EN ADMINISTRACIoN,5
PmS7NxfCTyNzv2kBX,BACHILLERATO GENERAL CON FORMACIoN PARA EL TRABAJO EN ADMINISTRACIoN,2
N5zWu8TkqqBz9hTWp,Bachillerato General con Formacion para el Trabajo en Administracion,1
8jZsRyMCwaMSq5ENR,Bachillerato General con Formacion para el Trabajo en Administracion,6
WCc3z2RDEMhSpZkgc,Bachillerato General con Formacion para el Trabajo en Administracion,4
gPt68Pu9dEfspHvKi,Bachillerato General con Formacion para el Trabajo en Administracion,3
W575Npeeu2aiB5euP,Bachillerato General con Formacion para el Trabajo en Administracion,4
ZnSDe6hZmqgMthHvY,Bachillerato General con Formacion para el Trabajo en Administracion,2
Sx7Xr6ba5LsL3MXPJ,Bachillerato General con Formacion para el Trabajo en Administracion,4
7iCPo5gihZfc3GAPh,Bachillerato General con Formacion para el Trabajo en Administracion,3
RJWMKJk3uFZAEskcv,BACHILLERATO GENERAL CON FORMACIoN PARA EL TRABAJO EN ADMINISTRACIoN,5
vQ4omCvsQHhQgNRwc,BACHILLERATO GENERAL CON FORMACIoN PARA EL TRABAJO EN ADMINISTRACIoN,4
dPEbLidd6mPm44xZZ,BACHILLERATO GENERAL CON FORMACIoN PARA EL TRABAJO EN ADMINISTRACIoN,6
TAhx9mwLNjS6BEkGs,BACHILLERATO GENERAL CON FORMACIoN PARA EL TRABAJO EN ADMINISTRACIoN,5
xfkTm6boLx2puuvne,BACHILLERATO GENERAL CON FORMACIoN PARA EL TRABAJO EN ADMINISTRACIoN,2
eLx85PhDcnKuHYLLq,BACHILLERATO GENERAL CON FORMACIoN PARA EL TRABAJO EN ADMINISTRACIoN,2
yCjoGk8mtNDXWK3ro,BACHILLERATO GENERAL CON FORMACIoN PARA EL TRABAJO EN ADMINISTRACIoN,5
MZRGHRG2CADPi2Rbj,Bachillerato General con Formacion para el Trabajo en Informatica,6
Rh65rW6k5K5dyKtrA,Bachillerato General con Formacion para el Trabajo en Informatica,1
QgJwQ27gwrJrntnuS,Bachillerato General en formacion para el trabajo en Informatica,3
CHYu4fKDCQwAEz8Rd,Bachillerato Humanidades,4
gYtBJw7Lw2RFMbZwC,Bachillerato Humanidades,6
h43meSXP43YjbpQTt,Bachillerato Humanidades,4
h9KBEy4tfGa8W5F9P,Bachillerato Humanidades,5
pv2oqPfT7sWXMwLb8,Bachillerato Humanidades,2
hSQdpJnPuh6XXcPFg,Bachillerato Humanidades,3
rG9PuqSpSCjxeGmku,Bachillerato Humanidades,4
HDrS7czF5kai7cWSd,Bachillerato Humanidades,3
zprkySRQz2EpwxrHv,Bachillerato Humanidades Vespertino,1
uCACTDQoLxmkwLjkY,Bachillerato Intensivo Semiescolarizado,3
To6eawEcu3X8YjjH2,Bachillerato Jalisco 2019,2
E26hmFRtPG8BiGvMW,Bachillerato Jalisco 2019,5
bkej3RsmYakmkQwP6,Bachillerato Jalisco 2019,2
AYLk3k4wZqFvTecdW,Bachillerato Jalisco 2019,2
cRERf8sD4KR5gyZ3k,Bachillerato Semiescolariado (Matutino),2
bM9XBfvR42mWHcPCC,Bachillerato Semiescolariado (Matutino),5
2duMdcRqi5tCaZBXN,Bachillerato Semiescolariado (Matutino),2
fqyQ42EHT7i2L7YKw,Bachillerato Semiescolariado (Matutino),2
N9wieRA8a3qh3aj8p,Bachillerato Semiescolariado (Matutino),6
Btt6tReqLPaB86crn,BACHILLERATO SEMIESCOLARIZADO,6
vPcK99nHYT3hyf2Dc,Candy Bar,2
BYq88GCpufdNutuci,CECAP INFORMaTICA,2
yKLH4REAvP7QkBrKa,CECAP informatica,1
XWzysJpN3vto65uhk,CECAP INGLES,1
uYSMRNvpyuDxeg9Dv,CECAP INGLES,6
44ecgvE5h7xZjrgKz,CECAP INGLES,3
2qDfzfY2ddtjmKKeF,CECAP INGLES,2
J2SNFijuFiRqf3Ruy,COCINA INTERNACIONAL,3
w5kL5xzpNgBMDer9s,Diplomado de Titulacion,6
hTgC4uoKHBGqiQXgr,Diplomado de Titulacion,3
K6sRu3bJTjaTE62jz,Diplomado de Titulacion,3
R6KJuFPqYvmY9uqTT,DIPLOMADO EN COCINA SALUDABLE,3
YzTwzHKwwBZLfZwGH,Diplomado en Panaderia y reposteria,6
ReTtMT5GPAcsX35Ko,DIPLOMADO EN REPOSTERIA,1
EXehuXobqJTjc2FCk,DIPLOMADO INGLeS 1era GENERACION,3
gR3HHuoTe4Muq64oG,Disenador Analista En Sistemas Computacionales,1
tnN7YZDDZ6qGigi25,Disenador/ Secundaria,4
76tHqEKjQn4RK4Zer,FORMACIoN PARA EL TRABAJO EN GASTRONOMiA,3
KkQQS63qQx9QCJhRM,FORMULACION DE PROYECTOS,4
ZmY8tfjpZcMRWfZNr,ING EN SISTEMAS COMPUTACIONALES_Mixto,6
ywabX9Yr3B5itKWcH,ING GESTIoN EMPRESARIAL,4
LrA7gSBf32K7Y4ddN,ING GESTIoN EMPRESARIAL,1
EWp22uPtLenvH4QT8,INGENIERiA EN AGRONEGOCIOS,3
8JoN8wtdvzBywyZWa,INGENIERIA EN GESTIO EMPRESARIAL,3
tHqghMMDtRLhRt7PM,INGENIERIA EN GESTIO EMPRESARIAL,6
Xgq4WPgKPy5EZxNii,INGENIERIA EN GESTIO EMPRESARIAL,3
KbjTYoTym2MSrWrsQ,INGENIERIA EN GESTIO EMPRESARIAL,5
Wx52uv7Y9ApGFH3Es,INGENIERIA EN GESTIoN EMPRESARIAL,2
JoJc7o9bhgkzbyhs4,Ingenieria en Gestion Empresarial,1
PzXe2eHwbwQdNPoTQ,INGENIERIA EN SISTEMAS COMPUTACIONALES,2
fTpY72LphNWonrSBy,INGENIERIA EN SISTEMAS COMPUTACIONALES,1
KXD5nBWqgcJHspiaW,INGENIERIA EN SISTEMAS COMPUTACIONALES,2
ghbAiDE9TSPcm8vAr,Ingenieria en Sistemas Computacionales,6
EBjc67jd6ppHehuci,Ingenieria en Sistemas Computacionales,2
fpEYAhvdyHsXeqDBb,Ingenieria en Sistemas Computacionales Semi-Escolarizada,1
xK7uAHgxoSZrhtSaG,LA LICENCIATURA EN ENFERMERIA SEMI-ESCOLARIZADA,6
8Sx7KLhjaN7MgKaER,LIC EN ADMINISTRACIoN DE EMPRESAS,4
hpLWvv5LHzLpHEadQ,LIC EN DERECHO,6
SsBafrN8scPB3bXTh,LIC EN MERCADOTECNIA EJE 21,5
NJxxyMxfjFNQAHBXv,LIC EN PSICOLOGiA ORGANIZACIONAL,1
37o9DkYmoriiAqJH7,LIC. ADMINISTRACIoN,2
v3e6L6PYiSr9aTnCj,LIC. CONTABILIDAD FINANCIERA,1
eo4g7rb5WbfwSHznD,Lic. en Contabilidad Financiera,4
aerXzmd78bW6Jnvcq,LIC. PSICOLOGiA ORGANIZACIONAL,3
ZfvKBgjutdxMJagoh,Licenciatura Derecho (MATUTINO),5
KmcnHt3qeSGXJDCMf,Licenciatura Derecho (VESPERTINO),4
R82GYrJ5k68YurBha,Licenciatura en Administracion,5
v4bPeXvZj5zSWDdTh,LICENCIATURA EN ADMINISTRACIoN CON ENFOQUE EN RECURSOS HUMANOS EJECUTIVO,5
Mz7Ysxp8HbyQgpYbd,LICENCIATURA EN ADMINISTRACIoN CON ENFOQUE EN RECURSOS HUMANOS MIXTA,1
K8RMLPDQGkDsjb9BT,LICENCIATURA EN ADMINISTRACIoN CON ENFOQUE EN RECURSOS HUMANOS MIXTA,3
PbvENugdt4XCAxMBd,LICENCIATURA EN ADMINISTRACIoN DE EMPRESAS,6
kNmoaabB9EJcyuFcS,LICENCIATURA EN ADMINISTRACIoN DE EMPRESAS,2
Kr4jxFqXYhj5pLEsd,Licenciatura en Administracion de Empresas,4
7X88RjbB4KHYfLkWC,Licenciatura en Administracion de Empresas,1
TZb3p7hnGbWogePDa,Licenciatura en Administracion de Empresas Semi-Escolarizada,4
QwZqzD72aHYgLnyuw,Licenciatura en Comercio Exterior y Administracion de Aduanas,4
9LafBKDAq455fyrun,LICENCIATURA EN COMERCIO EXTERIOR Y ADMINISTRACION DE ADUANAS,5
Hwj7HN8WXxjQSc2ZM,LICENCIATURA EN CONTABILIDAD,6
Kzbkod6SLqRewyKwz,Licenciatura en Contabilidad Financiera,2
MTuEoHYqwf2nQptQh,Licenciatura en Contabilidad Financiera Escolarizada,6
ehpq4Bh4mbtF6nmMd,Licenciatura en Contabilidad Financiera Semi-Escolarizada,1
3iXsFAzGeX9pv8SGF,Licenciatura en Cultura Fisica del Deporte,3
kkLqsMdG8zTzGksdi,Licenciatura en derecho,3
r2BHtpAW6Bjp28Jqv,Licenciatura en Derecho,2
MiKgRnPqwaDotvyKT,LICENCIATURA EN DERECHO 2018,5
GbxNgyNEESc7uHDJk,LICENCIATURA EN DERECHO 2018,4
XuEKDmWpd3gqHkSnC,Licenciatura en Derecho 2020,6
6euvbS6i7Do8r2HJN,Licenciatura en Derecho 2020,6
MXwhjYJ6gcR9yWRLG,Licenciatura en Derecho 2020,3
jJrYNeWrqWnNrujrC,LICENCIATURA EN EDUCACION,1
NbzXdAY4CCozMY64m,Licenciatura en Educacion,4
ZtXLNRqt4daqqtprJ,LICENCIATURA EN EDUCACIoN,6
xDyrpBQyErh7C5mQR,LICENCIATURA EN EDUCACION SEMI-ESCOLARIZADA,5
KNNpucoqgAoFaaqLj,LICENCIATURA EN GASTRONOMIA,1
7Rjqow2M35MXXRRHH,LICENCIATURA EN GASTRONOMIA,6
2fcso7T54DcvErcWG,LICENCIATURA EN GASTRONOMIA,3
w43qMYLx8446SktCS,LICENCIATURA EN GASTRONOMIA,4
hGC6JFjwjts7JjFw6,Licenciatura en Gastronomia,4
tgGAJxvQ8qKxfgwep,LICENCIATURA EN LENGUA INGLESA,6
FHKGkJsD83c9CtS3n,LICENCIATURA EN LENGUA INGLESA,5
HCLNPLbaZpN5NnTkm,LICENCIATURA EN MERCADOTECNIA,5
2M39drMtZtwYp3uaA,Licenciatura en Nutricion,2
7zpo8xcgHjchsHc4B,Licenciatura en Psicologia Organizacional,2
TLiKCA8qXZbcyCkiM,Licenciatura en Psicologia Organizacional Semi-Escolarizada,5
NuKG6GuTB5tkCusPp,Licenciaturas en Administracion de Empresas,1
zZjyKec2SHSd27pKH,MAESTRiA en Direccion de Empresas,6
92vfpxcaEwhi4TWpQ,MAESTRiA EN DIRECCIoN DE EMPRESAS,5
bCgJCh4MqRPM8MSmS,MAESTRiA EN DIRECCIoN DE EMPRESAS,6
raFkBkPsA48B6q3H2,MAESTRiA EN DIRECCIoN DE EMPRESAS,5
T9DFz8T69HKc2r9YY,Maestria en Educacion,6
LfLQ67hhN9qJDTi5S,Nvo. Bach. Gral. Aduanas EA-HCS,6
HRN6DFahXxPJaxeeP,Nvo. Bach. Gral. Aduanas EA-HCS,2
djJKnQWS7ytpYYoby,Nvo. Bach. Gral. Aduanas EA-HCS,6
zKc94QyjFRmZLuXZi,Nvo. Bach. Gral. Aduanas EA-HCS,1
m2EkFrzmKnRBKQbh2,Nvo. Bach. Gral. Aduanas EA-HCS,3
yihncedtNEXnAPkKc,Nvo. Bach. Gral. Aduanas EA-HCS,4
8Tf6PxqKPqP8bJ2y2,Nvo. Bach. Gral. Aduanas EA-HCS,4
um7z5MbLngHJcbJLj,Nvo. Bach. Gral. Conta. EA-HCS,6
Pdan6Qquf7e8aMM3x,Nvo. Bach. Gral. Conta. EA-HCS,6
u8AnkQpzLkaKNX4xx,Nvo. Bach. Gral. Conta. EA-HCS,2
nKNLzpDYgLzXjiQxr,Nvo. Bach. Gral. Conta. EA-HCS,1
3s73arnkBehpziAAN,PREPARATORIA ICEP,4
Zu6iMzDmC5DtX7yGq,Seminario de Tesis,3
hzEq5d6ufyi3fp8bD,SEMINARION DE TITULACIoN,1
zjxyCeaRM8to5DgMj,(NEW) LICENCIATURA EN DERECHO,4
prR8B7KmL4SuD6DF2,Agronegocios semi-escolarizada,3
ZjCwoTHRMKwqgoowf,BACH. CONTA. E.A. - H.C.S.,2
yNw4psNMPyQchkQ2m,BACH. CONTA. E.A. - H.C.S.,3
HbTrTTtcyRGAqWDpg,BACH. CONTA. E.A. - H.C.S.,5
oxHgvfLf67qMLZFBw,BACH. CONTA. E.A. - H.C.S.,3
QaQfHG2db9SxisTf7,BACH. CONTA. E.A. - H.C.S.,1
W4fL3zkPMAJ3BqNYn,BACH. CONTA. E.A. - H.C.S.,6
tvnyfEjhSHSCF76B7,BACH. CONTA. E.A. - H.C.S.,4
u585d9rMhuxG6RNWs,BACH. CONTA. E.A. - H.C.S.,5
B89udSzLhKxNc9hwE,BACH. CONTA. E.A. - H.C.S.,1
bzkJNMptTskCBAWDK,BACH. CONTA. E.A. - H.C.S.,3
tf6thTvWQpWL35sD6,BACH. CONTA. E.A. - H.C.S.,5
xZDfNFBCL7TpaNGPK,BACH. CONTA. E.A. - H.C.S.,4
SnM6dCyiD52YK5wPT,BACH. CONTA. E.A. - H.C.S.,2
RTeYqhGpLPf8vGhsJ,BACH. CONTA. E.A. - H.C.S.,3
rg3bdZDMHeb9nkGDf,BACH. CONTA. E.A. - H.C.S.,5
KahGF4xrdDk8tH5qJ,BACH. CONTA. E.A. - H.C.S.,5
PHq6B5SzHEoBLHmPn,BACH. CONTA. E.A. - H.C.S.,5
w77EYqXgmJbowoxYY,BACH. CONTA. E.A. - H.C.S.,5
5DuvgFhDH7hvmjwvd,BACH. CONTA. E.A. - H.C.S.,2
5n8onZ2v3kFspnBKS,BACH. CONTA. E.A. - H.C.S.,5
nYcyoTfH9FdNKs8mP,BACH. CONTA. E.A. - H.C.S.,3
EB4aKgf3GaCC9naoT,BACH. CONTA. E.A. - H.C.S.,4
JWTSp2EGpwzZE3wsp,BACH. CONTA. F.M. - H.C.S.,6
oxv9wRugQpjAuJjfa,BACH. CONTA. F.M. - H.C.S.,4
TK3pdu6SvgwZcBMoC,Bach.Gral. Aduanas EA-HCS - PRESENCIAL,4
2KwnHSwx2sLsrDats,Bach.Gral. Aduanas EA-HCS - PRESENCIAL,4
rHbxdpzC3uZZofe3m,Bachillearto 2009,4
TENarw4imeB5H7vQS,Bachillearto 2009,2
KZDP4nDLzdS3rKbBp,Bachillearto 2009,1
jcnfENYXcjqiAEvDG,Bachillearto 2009,2
iiryc5CyTczCTkRzF,BACHILLERATO,1
ZRCvjD8SNfaTWYb9v,BACHILLERATO,1
iSSTH2WFnvNc958cy,Bachillerato 2009,2
mu5pLHGcGxEP4DgKY,Bachillerato 2009,6
kCEdCpmqo3xoPSMEN,Bachillerato 2009,4
vAztv7oxcH7Jy3R4Y,Bachillerato 2009,2
u3Sxcfh6eC2JLrkGq,BACHILLERATO CON GASTRONOMIA,5
Fggc7hsHNkYbJNiyk,Bachillerato Economico Administrativo- Historico Social,1
77GqjWnurWoxEj7Ad,Bachillerato Economico Administrativo- Historico Social,2
n8mYYRCz93ZnwJBQb,Bachillerato Economico Administrativo- Historico Social,5
SWxo5AtciGDbbav2P,Bachillerato Economico Administrativo- Historico Social,1
3aCxkRm5tsDirggHT,Bachillerato Economico Administrativo- Historico Social,6
e3yGZD4mWNaLMfabc,Bachillerato Economico Administrativo- Historico Social,6
S3zo4SS3xLYBfTRKu,Bachillerato Economico Administrativo- Historico Social,3
Ps3rk8uS6db7xiKDj,BACHILLERATO ESCOLARIZADO,6
Lnb6CfwcNFAnr3sT9,BACHILLERATO ESCOLARIZADO FM-QB,1
G8M3tEfRMakzA6ypa,Bachillerato Federal,4
3Du6FnRgp9A8HLpKp,Bachillerato Federal,1
nCx2wDWy2u2qJP7F2,Bachillerato Federal,6
97jDcmbvB3esZ5oG2,Bachillerato Federal,4
JZRqu3qrXiGoSjtwT,Bachillerato Federal,5
NN6WXo4YaEyKShEcg,Bachillerato Federal,1
4KqxSGsunCTgHjkAH,Bachillerato Federal,4
QLcAb9jtvM6rEKmxS,Bachillerato Federal,3
fJuQKHoZTMJJcZwZv,Bachillerato Federal,1
g8KAv5i7Wu34sj4BY,Bachillerato Federal,6
24gAY25rdzdoFpqDW,Bachillerato Federal,4
YiPvmACQgim78ZR9r,Bachillerato Federal,4
vSD5vn47w54ycdfYt,Bachillerato Federal (MATUTINO),2
ugaLiaP7aTYMb2ZFo,"Bachillerato Fisico-Matematico, Quimico-Biologico",5
cA5GDapj5AZp97gZG,BACHILLERATO GENERAL CON FORMACIoN PARA EL TRABAJO EN ADMINISTRACIoN,6
bG7Dp33x2eAtzYxKW,BACHILLERATO GENERAL CON FORMACIoN PARA EL TRABAJO EN ADMINISTRACIoN,4
Bx4L2buCwcTsYubEE,Bachillerato General con Formacion para el Trabajo en Administracion,3
LNdFPYE6jGgsNB73Q,Bachillerato General con Formacion para el Trabajo en Administracion,1
9iB2fxtHTSAYY7oRh,Bachillerato General con Formacion para el Trabajo en Administracion,1
YDm88fiwB3xzZJhRB,Bachillerato General con Formacion para el Trabajo en Administracion,1
nigtoWtSfc6Hpm583,Bachillerato General con Formacion para el Trabajo en Administracion,3
riXH9DerMmTPTWbpF,Bachillerato General con Formacion para el Trabajo en Administracion,4
LKaHCNyTqeY2EfcgF,Bachillerato General con Formacion para el Trabajo en Administracion,5
36Y9C4M2LemaEoeXK,Bachillerato General con Formacion para el Trabajo en Administracion,2
nJoL5JymoNxgBagRZ,Bachillerato General con Formacion para el Trabajo en Administracion,4
qPd5THTqmAyFTzJEv,Bachillerato General con Formacion para el Trabajo en Administracion,5
5McRxTRWrrWms2cnY,Bachillerato General con Formacion para el Trabajo en Administracion,1
qFiGKRtXhnp65uyec,Bachillerato General con Formacion para el Trabajo en Administracion,2
akALFyNPfLPzFShTY,Bachillerato General con Formacion para el Trabajo en Administracion,1
xLio8tcEqP9BXHmFs,Bachillerato General con Formacion para el Trabajo en Administracion,5
Rcnp2M3C46EH6w92Y,Bachillerato General con Formacion para el Trabajo en Administracion,3
wWBv7Kk8Bnu2XfSfp,BACHILLERATO GENERAL CON FORMACIoN PARA EL TRABAJO EN ADMINISTRACIoN,6
5kDbWdHAj543TiFfn,BACHILLERATO GENERAL CON FORMACIoN PARA EL TRABAJO EN ADMINISTRACIoN,4
7TYnuNuWsqGfAaAfn,BACHILLERATO GENERAL CON FORMACIoN PARA EL TRABAJO EN ADMINISTRACIoN,4
ruyLuNWbDMnXii5wd,BACHILLERATO GENERAL CON FORMACIoN PARA EL TRABAJO EN ADMINISTRACIoN,1
ZBJaN9N3y6Ry9Jrmp,BACHILLERATO GENERAL CON FORMACIoN PARA EL TRABAJO EN ADMINISTRACIoN,5
zTKwEPejQsgyDvjjE,BACHILLERATO GENERAL CON FORMACIoN PARA EL TRABAJO EN ADMINISTRACIoN,6
QYtiQfeCtdCv8rokz,BACHILLERATO GENERAL CON FORMACIoN PARA EL TRABAJO EN ADMINISTRACIoN,2
bsztQbsevHjLg7xEm,BACHILLERATO GENERAL CON FORMACIoN PARA EL TRABAJO EN ADMINISTRACIoN,4
pv353v6WQ3KhY53ow,BACHILLERATO GENERAL CON FORMACIoN PARA EL TRABAJO EN ADMINISTRACIoN,1
yK28nGjxhKeuW5zZo,BACHILLERATO GENERAL CON FORMACIoN PARA EL TRABAJO EN ADMINISTRACIoN,1
aabX8MAZWZRY9AffK,BACHILLERATO GENERAL CON FORMACIoN PARA EL TRABAJO EN ADMINISTRACIoN,1
Co4cZBW5mDdAwPJLf,Bachillerato General con Formacion para el Trabajo en Informatica,3
wcoSdvs6BfvpZsz4Z,Bachillerato General con Formacion para el Trabajo en Informatica,6
RvPbpczgXKtfMapYQ,Bachillerato General con Formacion para el Trabajo en Informatica,3
GWegZLQMSTfRRrNbk,Bachillerato General con Formacion para el Trabajo en Informatica,5
pzRJMDTCAX389vYJK,Bachillerato General en formacion para el trabajo en Informatica,1
PQaB7AtJq6SYQBnwA,Bachillerato General en formacion para el trabajo en Informatica,3
skLtByWRPthxBQtXG,Bachillerato Humanidades,2
6R4FpSj5JxFtXE5eG,Bachillerato Humanidades,6
fTe227BBDnb5JcbHd,Bachillerato Humanidades,4
CPvbPixXY3LguXLMC,Bachillerato Humanidades,3
wQaoXZ4CfXaAss8jT,Bachillerato Humanidades,2
iypoHpoqrF3YYmMze,Bachillerato Humanidades,1
MMNKnKaNLpQEZMwNa,Bachillerato Humanidades,3
H3zqoWYh52ftQ68eN,Bachillerato Humanidades,5
iZFv6JYwuxPqqzqQ8,Bachillerato Humanidades Vespertino,2
qXdcXtzdJTy8voQaz,Bachillerato Jalisco 2019,1
haxRoMoYDM7S2KzAN,Bachillerato Jalisco 2019,3
rbXQ2AXbMtoyrWHuR,Bachillerato Jalisco 2019,4
Bx9ixkN3cAwSYTWqP,Bachillerato Jalisco 2019,6
4YyqNCw7RPWMmicGR,Bachillerato Jalisco 2019,2
ucCwgFtdYCuLXBfno,Bachillerato Jalisco 2019,3
uf3CWrqT9pPwvazwm,Bachillerato Jalisco 2019,6
qgEqcuJhhnBWbGsP2,Bachillerato Jalisco 2019,5
nSHnawi9cAke43mSH,Bachillerato Semiescolariado (Matutino),4
mYhvan4bwozWkkyRA,Bachillerato Semiescolariado (Matutino),6
YpA6Cd9Yqk3LbwySS,Bachillerato Semiescolariado (Matutino),2
h5gaiG9T3DdH8j6fD,BACHILLERATO SEMIESCOLARIZADO,4
HXRPQPgKXZx7Pt9xx,BACHILLERATO SEMIESCOLARIZADO,3
7T5MWZfDCf5BgDRpf,BACHILLERATO SEMIESCOLARIZADO,3
SKSyXvsuLTZS4nQjb,Bachillerato Semiescolarizado (Vespertino),6
AeuuL4R2F6mPwTNoA,Bachillerato Semiescolarizado (Vespertino),6
Hb7da7Tpnf3z8kq9o,Bachillerato Semiescolarizado (Vespertino),4
vJwsCAR2GPyceCXmw,Bachillerato Semiescolarizado (Vespertino),4
TdzPie59Ppk9XNdv4,CECAP INFORMaTICA,2
oCtctLAMKEutQLPQT,CECAP informatica,1
qb2rPugxikSJG6SMu,CECAP INGLES,3
tffXqYmKEJwGHjETJ,CECAP INGLES,5
zRS4ZzTFoPDCd5hce,CECAP INGLES,4
4q2zj6N2ngmaxcBcX,CECAP INGLES,2
xP4xKrtmfZ9j5enbd,Cocina Mexicana,4
285drNgFXX93Zgnnw,Curso de titulacion,5
BJHbXuh5xMhxFzYxe,Curso de titulacion,4
LMf362YwCGWTxmqZc,Diplomado de Titulacion,2
asYPMQYeZ8tBAJT93,Diplomado de Titulacion,3
DE46xcwBndFMFguk2,Diplomado de Titulacion,1
KKN8Nvmc4wmiASSes,Diplomado de Titulacion,3
DsrXuy3WdkgwsKiEh,Diplomado de Titulacion,5
RwLAu9bDTfMCjnhqn,Diplomado de Titulacion,3
6qg6a3SFL82XgkrWM,Diplomado de Titulacion,2
RJ3XbdihS4Wj8YbLN,DIPLOMADO EN COCINA INTERNACIONAL,4
5v4HDrd5fnHzDCDf3,DIPLOMADO EN COCINA INTERNACIONAL,3
2D4BNTrKkqZ8RbCiX,Diplomado en Gestion de Ventas,2
zJHXETqhEeiJjudBC,Disenador Analista En Sistemas Computacionales,6
Ehhm7yBY7WqYKPReM,Disenador Analista En Sistemas Computacionales,1
GF9ZzfcnknaqT7PcB,Disenador Analista En Sistemas Computacionales,1
yozWd3Xogj2mF2ycr,Disenador Analista En Sistemas Computacionales,3
A9DosyQx3kLZKQ52o,FORMACIoN PARA EL TRABAJO EN GASTRONOMiA,1
oNtsTfbcXwqoAkdD4,FORMULACION DE PROYECTOS,3
Rmvs2nzepeqyopK3h,FORMULACION DE PROYECTOS,4
qAWHhzooWdGArNehx,FORMULACION DE PROYECTOS,2
LvouTbnvQMtSTE8ZX,Gastronomia internacional,6
EJsLPzpWvgynaBYyJ,Gastronomia internacional,2
D3Ja2SvxNwECBRkRS,Gastronomia internacional,2
yKuDvi5WNpyNyqPBE,ING EN SISTEMAS COMPUTACIONALES_Mixto,1
L36hL2xSKfDDDGE6q,ING EN SISTEMAS COMPUTACIONALES_Mixto,2
CjhsvQeKztmbEQKFt,ING GESTIoN EMPRESARIAL,1
qBdRhsZsPTWd7WibQ,ING GESTIoN EMPRESARIAL,5
cBRftAtcJnM4Y9tPM,Ing. en Gestion Empresarial - Presencial,1
nwYBCtFZCQCdLnxf5,ING. SISTEMAS COMPUTACIONALES,1
9jdbAWzzdunm847pE,Ingenieria en Gestio Empresarial,2
DKenQLx3RNrg9GG8Q,INGENIERIA EN GESTIO EMPRESARIAL,2
YBCBWDHJx46Jx89Qr,INGENIERIA EN GESTIO EMPRESARIAL,4
gASFmrf6PewDRcyPN,INGENIERIA EN GESTION EMPRESARIAL,4
GPHKsYT4dLdEH7PoK,INGENIERIA EN GESTION EMPRESARIAL,4
GPPcMSTJkChWk8XY7,INGENIERIA EN GESTION EMPRESARIAL,2
yQHEiipobawDmbvGh,INGENIERIA EN GESTIoN EMPRESARIAL,3
uvzgkjq2SumGet2YW,Ingenieria en Gestion Empresarial Semi-Escolarizada,6
u47AJuvNBxpeW2djD,Ingenieria en Gestion Empresarial Semi-Escolarizada,3
o7pHDCe7gz7rEKpDg,INGENIERIA EN SISTEMAS COMPUTACIONALES,6
jnD5zHkF8zpjSzBvc,INGENIERIA EN SISTEMAS COMPUTACIONALES,4
sqpWmCkQtZzdBogpa,INGENIERIA EN SISTEMAS COMPUTACIONALES,1
MYyKy2v4JxAt9453H,INGENIERIA EN SISTEMAS COMPUTACIONALES,3
vkq3Gnz7hhvKgHcP2,INGENIERIA EN SISTEMAS COMPUTACIONALES,2
tB6yogPJRYLaozvFe,INGENIERIA EN SISTEMAS COMPUTACIONALES,2
6p9keRQwSCqo86Pnf,INGENIERIA EN SISTEMAS COMPUTACIONALES,6
MPRqFsNa7fceK2k3h,INGENIERIA EN SISTEMAS COMPUTACIONALES,1
L5NvsX7tf2nwyhtCc,Ingenieria en Sistemas Computacionales Semi-Escolarizada,4
uaxjdvg54NK7oG48Y,Ingenieria en Sistemas Computacionales Semi-Escolarizada,2
mvwvfs3BDHSSgruPd,INGLES BASICO,1
ofdvtP9oWaHBpquej,INGLES BASICO,6
wx2y4cPBQZ3bmPdTu,INGLES BASICO,5
daoeQoaj96ghfMF2z,LA LICENCIATURA EN ENFERMERIA,4
Ks39bcMtZStdMYwEf,LIC EN ADMINISTRACIoN DE EMPRESAS,4
FsFKyd9DjtLjSes6W,LIC EN ADMINISTRACIoN DE EMPRESAS,5
SkyRqKKkejnN6PTWm,LIC EN ADMINISTRACIoN DE EMPRESAS EJE 21,6
ofjWeGARM9TRadRtJ,LIC EN COMERCIO EXTERIOR Y ADMINISTRACIoN DE ADUANAS,1
PFfZFNvu2bz7JG9sY,LIC EN CONTABILIDAD FINANCIERA,6
kMiB8NZ9qGkXfWYGm,LIC EN CONTABILIDAD FINANCIERA,3
9hgidJ8BXH2opNsu3,LIC EN CONTABILIDAD FINANCIERA,3
HbmJsv8CQE7EoSK4F,LIC EN CULTURA FiSICA Y DEPORTE PRES  21,6
Y38xozFWoSRyDush8,LIC EN CULTURA FiSICA Y DEPORTE PRES  21,1
r5EkyRfXoYDZKjHQE,LIC EN DERECHO,5
4i2PRMdic8DJsJwqv,LIC EN DERECHO,6
Z6FFJjrisd8H3KZdy,LIC EN MERCADOTECNIA EJE 21,3
NcGCKN36PErubiZfi,LIC EN PSICOLOGiA ORGANIZACIONAL,1
N6N4M7nuQ2x2FzwC8,LIC EN PSICOLOGiA ORGANIZACIONAL,5
2h5DELHi5qaB2yuH2,LIC. ADMINISTRACIoN,1
9o4WzGDhHrJPokJtp,LIC. ADMINISTRACIoN,1
g3HRwHmzPN6Gxzozz,LIC. ADMINISTRACIoN,2
HneKHEsg6sCKS9jjt,LIC. ADMINISTRACIoN,1
MTBL96h2MMStMTLio,LIC. COMERCIO EXTERIOR Y ADMINISTRACIoN DE ADUANAS EJEC 17,4
Tk3KtNwhKXCaypaAQ,LIC. CONTABILIDAD FINANCIERA,1
aDqJDx6FaFhHh9x42,LIC. CONTABILIDAD FINANCIERA,6
zAb7T5MMeLBDhQr3M,LIC. CONTABILIDAD FINANCIERA,3
TFWQybEXp6vma6R2c,LIC. DERECHO,4
TkMLcn84ASWdd95Q3,LIC. EN ADMINISTRACION,6
CStAPEE7fGKGH46MN,Lic. En Comercio Exterior - Presencial,6
mkH7RzWMm9vRdNFWf,Lic. En Comercio Exterior - Presencial,6
WsWsEddaXYBPf6SDD,Lic. En Comercio Exterior - Presencial,1
T44uXnJyqfmEn8iTC,LIC. EN CONTABILIDAD FINANCIERA,1
oWas5PBrW43mtBjoC,LIC. PSICOLOGIA ORGANIZACIONAL  EJE 21,5
6ghtCbwW88KP6GAjg,LICENCIATURA EN ADMINISTRACION,3
sWCqMeJGcNv3CyiHZ,LICENCIATURA EN ADMINISTRACIoN CON ENFOQUE EN RECURSOS HUMANOS E3 18/21,3
sq36aMjFefxmm8Pfy,LICENCIATURA EN ADMINISTRACIoN CON ENFOQUE EN RECURSOS HUMANOS EJECUTIVO,5
f8eMGffSjYDSZhBe3,Licenciatura en Administracion de Empresas,5
WKoXKuHzWTmpbgBwD,Licenciatura en Administracion de Empresas,5
WjjfcMZkMqQjnMLem,LICENCIATURA EN ADMINISTRACIoN DE EMPRESAS,6
tKvKuwaMdY9fQmgph,LICENCIATURA EN ADMINISTRACIoN DE EMPRESAS,4
GCnpXrgafwqW9smae,LICENCIATURA EN ADMINISTRACIoN DE EMPRESAS,3
9jiMXWfrCzod8fdYG,LICENCIATURA EN ADMINISTRACIoN DE EMPRESAS,2
rKyMX4QtLNheu7kBb,LICENCIATURA EN ADMINISTRACIoN DE EMPRESAS,2
EBuPHSnk4b3h9TXEa,LICENCIATURA EN ADMINISTRACIoN DE EMPRESAS,6
9XbEtqKgmT2fEfLA7,LICENCIATURA EN ADMINISTRACIoN DE EMPRESAS,1
WFEAdPTZhqsFW43Cu,LICENCIATURA EN ADMINISTRACIoN DE EMPRESAS,6
26qaaWQxpBhBJmR8c,Licenciatura en Administracion de Empresas,6
viRtebuosBLoQ83YF,LICENCIATURA EN ADMINISTRACIoN DE EMPRESAS ESCOLARIZADA,1
AP28vgLdK4kcSuvYt,Licenciatura en Agronegocios,6
ZKW7PQ9edwG9wJdg2,Licenciatura en Comercio Exterior y Administracion de Aduanas,3
jYKDkjSYCyy32kyet,LICENCIATURA EN COMERCIO EXTERIOR Y ADMINISTRACION DE ADUANAS,4
3rp2roSAuh3BpiJpa,LICENCIATURA EN COMERCIO EXTERIOR Y ADMINISTRACION DE ADUANAS,3
dDLvZLbSvPKaNg52z,LICENCIATURA EN COMERCIO EXTERIOR Y ADMINISTRACION DE ADUANAS,3
MoHFTJEq5pstCjQKs,Licenciatura en Comercio Exterior y Administracion de Aduanas,2
tubgkYDH74M4MvDXh,Licenciatura en Comercio Exterior y Administracion de Aduanas,1
nhAL3xcLysAnzQqfE,LICENCIATURA EN CONTABILIDAD,6
H7nThH69t88DZvMLC,LICENCIATURA EN CONTABILIDAD,2
HiWit2uFrdJ9iTrnn,Licenciatura en Contabilidad Financiera,1
C9huJ2rzxNrxAhGo5,Licenciatura en Contabilidad Financiera Escolarizada,5
M7qQsoiuD8u7xGnsC,Licenciatura en Contabilidad Financiera Escolarizada,3
ENEfeEA64EFGNH8FQ,Licenciatura en Contabilidad Financiera Escolarizada,4
ymHMfiFrifoK4isDK,Licenciatura en Contabilidad Financiera Semi-Escolarizada,1
nwBy9vA8LuTpcnX9A,Licenciatura en Contabilidad Financiera Semi-Escolarizada,3
B3hr9jBuTTWHBzxRi,LICENCIATURA EN DERECHO,6
AkKSdToooJZsAq7v7,LICENCIATURA EN DERECHO (COLIMA),6
8mbo48A9dZpChndX3,LICENCIATURA EN DERECHO 2018,4
kZDjaj4WHRgFMLTX2,LICENCIATURA EN DERECHO ESCOLARIZADA,1
RBLzDHRdXRouZZbpd,LICENCIATURA EN DERECHO ESCOLARIZADA,5
BrrW9yFz3WBXkx9CA,LICENCIATURA EN DERECHO MIXTA,1
zrkEWoNT2qrJKNt7L,LICENCIATURA EN DERECHO MIXTA,1
qbhZsnhRW3CdACP6J,Licenciatura en derecho semi-escolarizada,6
yE25yirkwxqEFwRZp,Licenciatura en Educacion,4
6pB2ck8nS8wfJ8ZPz,LICENCIATURA EN EDUCACIoN,1
vWSXD8xBCNdvctHfg,LICENCIATURA EN EDUCACIoN,6
wdm89gS6gisPR7MB9,LICENCIATURA EN EDUCACIoN,6
mdvTtGEgEPbRsoB5f,Licenciatura en Educacion Mixta,6
kK8dJBavrGPCh582g,Licenciatura en Gastronomia,3
n2tbD6ESedrTmtzXp,LICENCIATURA EN GASTRONOMIA,2
pjNAorG3QcLfhZWAn,Licenciatura en Gastronomia,4
ba5uvffSaugdEEDd7,LICENCIATURA EN GASTRONOMIA,6
4jzZYbEE9sdPKtMZ5,LICENCIATURA EN GASTRONOMIA,3
FWxikAG3xMuLTw9Re,LICENCIATURA EN GASTRONOMIA,1
ckKtFfnDGto7jPkR2,LICENCIATURA EN GASTRONOMIA,2
YiebsbeZDYdas2icz,Licenciatura en Gastronomia,2
BXoEZRtuh8byyJ3zq,Licenciatura en Gastronomia,1
rw9oPNyuvGoKD2uHB,Licenciatura en Gestion Empresarial,4
t4ZFas6HLxePritCo,LICENCIATURA EN LENGUA INGLESA,1
sBtjTDpapZZXsML4J,LICENCIATURA EN LENGUA INGLESA,5
iAfEgRPgPMrRkm2y7,LICENCIATURA EN LENGUA INGLESA,2
7KRAY6qDHzcbQycLq,Licenciatura en Nutricion ESCOLARIZADO,6
ntECvHn3t5cNxp3h5,LICENCIATURA EN PSICOLOGIA ORGANIZACIONAL,5
n9RnwF6LdbCdFJHZt,LICENCIATURA EN PSICOLOGIA ORGANIZACIONAL,3
wui7nixSkd2qR7uRK,LICENCIATURA EN PSICOLOGIA ORGANIZACIONAL,5
gJ8Nr7kRMihmkhJBb,LICENCIATURA EN PSICOLOGIA ORGANIZACIONAL,5
dzWXD3u9QfAuK8oq4,LICENCIATURA EN PSICOLOGIA ORGANIZACIONAL,1
TWSK5Spi4GBs9f2R9,LICENCIATURA EN PSICOLOGIA ORGANIZACIONAL,3
y2xE9nMFyiZ8gj2rJ,Licenciatura en Psicologia Organizacional,6
gySxStp9SWn8v9YDj,Licenciatura en Psicologia Organizacional,4
fDaMLWWgXgBuS2GBD,Licenciatura en Psicologia Organizacional,4
PbZuHZMs3oa5J6Bah,Licenciaturas en Administracion de Empresas,2
LbMbGiFY4iC7aifmQ,Licenciaturas en Administracion de Empresas,3
fdFWT6jXacPfF53gP,MAESTRiA EN DIRECCION DE EMPRESAS,2
s65uk7999QdQxKSu5,Maestria en Direccion de Empresas,6
nYuCcuNcro86pnuzq,MAESTRiA en Direccion de Empresas,5
vMunFrfXdTCEhvcLX,MAESTRiA EN DIRECCIoN DE EMPRESAS,5
EHTeLjj3wRy468wyf,Maestria en Educacion,6
CL38gSQkMYf2sB2GD,Maestria en Educacion,4
MPrgi4pLcHh9vK6aa,Nvo. Bach. Gral. Aduanas EA-HCS,5
62KCGdiSi5cKL37gR,Nvo. Bach. Gral. Aduanas EA-HCS,3
sH4jpk4TDeE7hpguZ,Nvo. Bach. Gral. Aduanas EA-HCS,1
HZHk9nLpRnLnye5RT,Nvo. Bach. Gral. Aduanas EA-HCS,6
o8YuyMA8JN4wer4cf,Nvo. Bach. Gral. Aduanas EA-HCS,1
uj44HhZ7RZqZ9yAEy,Nvo. Bach. Gral. Aduanas EA-HCS,4
vAKMzMDu7WFsKG8xp,Nvo. Bach. Gral. Aduanas EA-HCS,1
42B8SGzJSCdom54gz,Nvo. Bach. Gral. Aduanas EA-HCS,2
ZDkZb6dra6odzoatZ,Nvo. Bach. Gral. Aduanas EA-HCS,2
6GG4FJzzWx774DeQj,Nvo. Bach. Gral. Aduanas FM-QB,4
neZvtrckBEXH5BRah,Nvo. Bach. Gral. Aduanas FM-QB,3
Dq8ZP5wHdp8DtLDsp,Nvo. Bach. Gral. Aduanas FM-QB,5
KqsGyQFxJ3FhhG9bB,Nvo. Bach. Gral. Conta. EA-HCS,3
aWajeRByMmEWjxrHs,Nvo. Bach. Gral. Conta. EA-HCS,2
XnWQv6wc7NrdqqWHC,Nvo. Bach. Gral. Conta. EA-HCS,6
FyHAynWyZjHcaH3xt,Nvo. Bach. Gral. Conta. EA-HCS,6
FQxRcSDxr77AdhEjP,Nvo. Bach. Gral. Conta. EA-HCS,2
6SaAYouSdTTyebg78,Nvo. Bach. Gral. Conta. EA-HCS,6
gD3qaZ8PcmG2vRb5X,Nvo. Bach. Gral. Conta. EA-HCS,6
aq9WL2XEKnvRfKA9L,Nvo. Bach. Gral. Conta. EA-HCS,6
JTWs5m4feTdrxFwD8,Nvo. Bach. Gral. Conta. EA-HCS,2
d8CPq3BynK859wamQ,Nvo. Bach. Gral. Conta. EA-HCS,6
SYaKkDhXaxNqgSkuW,Nvo. Bach. Gral. Conta. EA-HCS,6
LQEeS4DgbDsjyNQ2n,Nvo. Bach. Gral. Conta. EA-HCS,5
Lt9ZPgKDyuEHGcL2i,Nvo. Bach. Gral. Conta. FM-QB,6
FgnSjhCodi9pXbJ8a,PREPARATORIA ICEP,3
qWMHe3thAwFvWXu4B,PREPARATORIA ICEP,2
CQEHJAjfAK95v6XbD,PREPARATORIA ICEP,1
9N3Dh92riKZvckZNH,PREPARATORIA ICEP,6
7aDKwyjhwqah7th6f,PREPARATORIA ICEP,3
8BK2oPfxpDGDnShQp,PREPARATORIA ICEP,6
LyCRmiSNPxPQQvXtn,Seminario de Tesis,4
ZNh3DsidANLcTonQT,Seminario de Titulacion,5
MW5KAu6aX62NYkYqq,SEMINARION DE TITULACIoN,3
X6EJjQcDwmBiFiLyN,TeCNICA EN NUTRICIoN Y DIETeTICA,5
eZidFHvBAJ78vLSTk,TECNICO EN GASTRONIMIA INTERNACIONAL,1
dZiqXSjbm2bYmTgpT,Tecnico en gastronomia internacional,5